[{"@type":"mappingTemplate","id":"@1","name":"Mapping_RESTV2","description":"","autoExpireObject":false,"bundleVersion":"0","assetFrsGuid":"a90OIyE8MXhkr0UszTr8sb","templateId":"@3","hasParameters":false,"valid":true,"fixedConnection":true,"hasParametersDeployed":false,"fixedConnectionDeployed":false,"isSchemaValidationEnabled":false,"tasks":0,"mappingPreviewFileRecordId":"@2","documentType":"MAPPING","allowMaxFieldLength":false,"specialCharacterSupport":false,"references":[{"@type":"reference","refObjectId":"@1odNzHnJdq1dqUuWrlnWSt","refType":"connection"},{"@type":"reference","refObjectId":"@4dCUhbbaD6NgljTc4bQ1w1","refType":"connection"}]}]